Window Number,Start Time,End Time,Delta Time,Delta Blocks,Theory Block Creation Time,Fix Rate, Machine Amount
1,0.0000,27000.0000,27000.0000,3000,9.0000,0.0500,100
2,27000.0000,55350.0000,28350.0000,3000,9.4500,0.0500,100
3,55350.0000,85117.5000,29767.5000,3000,9.9225,0.0078,100
4,85117.5000,115117.5000,30000.0000,3000,10.0000,0.0000,100
5,115117.5000,145117.5000,30000.0000,3000,10.0000,0.0000,100
6,145117.5000,175117.5000,30000.0000,3000,10.0000,0.0000,100
7,175117.5000,205117.5000,30000.0000,3000,10.0000,0.0000,100
8,205117.5000,235117.5000,30000.0000,3000,10.0000,0.0000,100
9,235117.5000,265117.5000,30000.0000,3000,10.0000,0.0000,100
10,265117.5000,295117.5000,30000.0000,3000,10.0000,0.0000,100
11,295117.5000,325117.5000,30000.0000,3000,10.0000,0.0000,100
12,325117.5000,355117.5000,30000.0000,3000,10.0000,0.0000,100
13,355117.5000,385117.5000,30000.0000,3000,10.0000,0.0000,100
14,385117.5000,415117.5000,30000.0000,3000,10.0000,0.0000,100
15,415117.5000,445117.5000,30000.0000,3000,10.0000,0.0000,100
16,445117.5000,475117.5000,30000.0000,3000,10.0000,0.0000,100
17,475117.5000,505117.5000,30000.0000,3000,10.0000,0.0000,100
18,505117.5000,535117.5000,30000.0000,3000,10.0000,0.0000,100
19,535117.5000,565117.5000,30000.0000,3000,10.0000,0.0000,100
20,565117.5000,595117.5000,30000.0000,3000,10.0000,0.0000,100
21,595117.5000,625117.5000,30000.0000,3000,10.0000,0.0000,100
22,625117.5000,655117.5000,30000.0000,3000,10.0000,0.0000,100
23,655117.5000,685117.5000,30000.0000,3000,10.0000,0.0000,100
24,685117.5000,715117.5000,30000.0000,3000,10.0000,0.0000,100
25,715117.5000,745117.5000,30000.0000,3000,10.0000,0.0000,100
26,745117.5000,775117.5000,30000.0000,3000,10.0000,0.0000,100
27,775117.5000,805117.5000,30000.0000,3000,10.0000,0.0000,100
28,805117.5000,835117.5000,30000.0000,3000,10.0000,0.0000,100
29,835117.5000,865117.5000,30000.0000,3000,10.0000,0.0000,100
30,865117.5000,895117.5000,30000.0000,3000,10.0000,0.0000,100
31,895117.5000,925117.5000,30000.0000,3000,10.0000,0.0000,100
32,925117.5000,955117.5000,30000.0000,3000,10.0000,0.0000,100
33,955117.5000,985117.5000,30000.0000,3000,10.0000,0.0000,100
34,985117.5000,1015117.5000,30000.0000,3000,10.0000,0.0000,100
35,1015117.5000,1045117.5000,30000.0000,3000,10.0000,0.0000,100
36,1045117.5000,1075117.5000,30000.0000,3000,10.0000,0.0000,100
37,1075117.5000,1105117.5000,30000.0000,3000,10.0000,0.0000,100
38,1105117.5000,1135117.5000,30000.0000,3000,10.0000,0.0000,100
39,1135117.5000,1165117.5000,30000.0000,3000,10.0000,0.0000,100
40,1165117.5000,1195117.5000,30000.0000,3000,10.0000,0.0000,100
41,1195117.5000,1225117.5000,30000.0000,3000,10.0000,0.0000,100
42,1225117.5000,1255117.5000,30000.0000,3000,10.0000,0.0000,100
43,1255117.5000,1285117.5000,30000.0000,3000,10.0000,0.0000,100
44,1285117.5000,1315117.5000,30000.0000,3000,10.0000,0.0000,100
45,1315117.5000,1345117.5000,30000.0000,3000,10.0000,0.0000,100
46,1345117.5000,1375117.5000,30000.0000,3000,10.0000,0.0000,100
47,1375117.5000,1405117.5000,30000.0000,3000,10.0000,0.0000,100
48,1405117.5000,1435117.5000,30000.0000,3000,10.0000,0.0000,100
49,1435117.5000,1465117.5000,30000.0000,3000,10.0000,0.0000,100
50,1465117.5000,1495117.5000,30000.0000,3000,10.0000,0.0000,100
51,1495117.5000,1525117.5000,30000.0000,3000,10.0000,0.0000,100
52,1525117.5000,1555117.5000,30000.0000,3000,10.0000,0.0000,100
53,1555117.5000,1585117.5000,30000.0000,3000,10.0000,0.0000,100
54,1585117.5000,1615117.5000,30000.0000,3000,10.0000,0.0000,100
55,1615117.5000,1645117.5000,30000.0000,3000,10.0000,0.0000,100
56,1645117.5000,1675117.5000,30000.0000,3000,10.0000,0.0000,100
57,1675117.5000,1705117.5000,30000.0000,3000,10.0000,0.0000,100
58,1705117.5000,1735117.5000,30000.0000,3000,10.0000,0.0000,100
59,1735117.5000,1765117.5000,30000.0000,3000,10.0000,0.0000,100
60,1765117.5000,1795117.5000,30000.0000,3000,10.0000,0.0000,100
61,1795117.5000,1825117.5000,30000.0000,3000,10.0000,0.0000,100
62,1825117.5000,1855117.5000,30000.0000,3000,10.0000,0.0000,100
63,1855117.5000,1885117.5000,30000.0000,3000,10.0000,0.0000,100
64,1885117.5000,1915117.5000,30000.0000,3000,10.0000,0.0000,100
65,1915117.5000,1945117.5000,30000.0000,3000,10.0000,0.0000,100
66,1945117.5000,1975117.5000,30000.0000,3000,10.0000,0.0000,100
67,1975117.5000,2005117.5000,30000.0000,3000,10.0000,0.0000,100
68,2005117.5000,2035117.5000,30000.0000,3000,10.0000,0.0000,100
69,2035117.5000,2065117.5000,30000.0000,3000,10.0000,0.0000,100
70,2065117.5000,2095117.5000,30000.0000,3000,10.0000,0.0000,100
71,2095117.5000,2125117.5000,30000.0000,3000,10.0000,0.0000,100
72,2125117.5000,2155117.5000,30000.0000,3000,10.0000,0.0000,100
73,2155117.5000,2185117.5000,30000.0000,3000,10.0000,0.0000,100
74,2185117.5000,2215117.5000,30000.0000,3000,10.0000,0.0000,100
75,2215117.5000,2245117.5000,30000.0000,3000,10.0000,0.0000,100
76,2245117.5000,2275117.5000,30000.0000,3000,10.0000,0.0000,100
77,2275117.5000,2305117.5000,30000.0000,3000,10.0000,0.0000,100
78,2305117.5000,2335117.5000,30000.0000,3000,10.0000,0.0000,100
79,2335117.5000,2365117.5000,30000.0000,3000,10.0000,0.0000,100
80,2365117.5000,2395117.5000,30000.0000,3000,10.0000,0.0000,100
81,2395117.5000,2425117.5000,30000.0000,3000,10.0000,0.0000,100
82,2425117.5000,2455117.5000,30000.0000,3000,10.0000,0.0000,100
83,2455117.5000,2485117.5000,30000.0000,3000,10.0000,0.0000,100
84,2485117.5000,2515117.5000,30000.0000,3000,10.0000,0.0000,100
85,2515117.5000,2545117.5000,30000.0000,3000,10.0000,0.0000,100
86,2545117.5000,2575117.5000,30000.0000,3000,10.0000,0.0000,100
87,2575117.5000,2595117.5000,20000.0000,3000,6.6667,0.0500,150
88,2595117.5000,2616117.5000,21000.0000,3000,7.0000,0.0500,150
89,2616117.5000,2638167.5000,22050.0000,3000,7.3500,0.0500,150
90,2638167.5000,2661320.0000,23152.5000,3000,7.7175,0.0500,150
91,2661320.0000,2685630.1250,24310.1250,3000,8.1034,0.0500,150
92,2685630.1250,2711155.7563,25525.6313,3000,8.5085,0.0500,150
93,2711155.7563,2737957.6691,26801.9128,3000,8.9340,0.0500,150
94,2737957.6691,2766099.6775,28142.0085,3000,9.3807,0.0500,150
95,2766099.6775,2795648.7864,29549.1089,3000,9.8497,0.0153,150
96,2795648.7864,2825648.7864,30000.0000,3000,10.0000,-0.0000,150
97,2825648.7864,2855648.7864,30000.0000,3000,10.0000,0.0000,150
98,2855648.7864,2885648.7864,30000.0000,3000,10.0000,0.0000,150
99,2885648.7864,2915648.7864,30000.0000,3000,10.0000,0.0000,150
100,2915648.7864,2945648.7864,30000.0000,3000,10.0000,0.0000,150
101,2945648.7864,2975648.7864,30000.0000,3000,10.0000,0.0000,150
102,2975648.7864,3005648.7864,30000.0000,3000,10.0000,0.0000,150
103,3005648.7864,3035648.7864,30000.0000,3000,10.0000,0.0000,150
104,3035648.7864,3065648.7864,30000.0000,3000,10.0000,0.0000,150
105,3065648.7864,3095648.7864,30000.0000,3000,10.0000,0.0000,150
106,3095648.7864,3125648.7864,30000.0000,3000,10.0000,0.0000,150
107,3125648.7864,3155648.7864,30000.0000,3000,10.0000,0.0000,150
108,3155648.7864,3185648.7864,30000.0000,3000,10.0000,0.0000,150
109,3185648.7864,3215648.7864,30000.0000,3000,10.0000,0.0000,150
110,3215648.7864,3245648.7864,30000.0000,3000,10.0000,0.0000,150
111,3245648.7864,3275648.7864,30000.0000,3000,10.0000,0.0000,150
112,3275648.7864,3305648.7864,30000.0000,3000,10.0000,0.0000,150
113,3305648.7864,3335648.7864,30000.0000,3000,10.0000,0.0000,150
114,3335648.7864,3365648.7864,30000.0000,3000,10.0000,0.0000,150
115,3365648.7864,3395648.7864,30000.0000,3000,10.0000,0.0000,150
116,3395648.7864,3425648.7864,30000.0000,3000,10.0000,0.0000,150
117,3425648.7864,3455648.7864,30000.0000,3000,10.0000,0.0000,150
118,3455648.7864,3485648.7864,30000.0000,3000,10.0000,0.0000,150
119,3485648.7864,3515648.7864,30000.0000,3000,10.0000,0.0000,150
120,3515648.7864,3545648.7864,30000.0000,3000,10.0000,0.0000,150
121,3545648.7864,3575648.7864,30000.0000,3000,10.0000,0.0000,150
122,3575648.7864,3605648.7864,30000.0000,3000,10.0000,0.0000,150
123,3605648.7864,3635648.7864,30000.0000,3000,10.0000,0.0000,150
124,3635648.7864,3665648.7864,30000.0000,3000,10.0000,0.0000,150
125,3665648.7864,3695648.7864,30000.0000,3000,10.0000,0.0000,150
126,3695648.7864,3725648.7864,30000.0000,3000,10.0000,0.0000,150
127,3725648.7864,3755648.7864,30000.0000,3000,10.0000,0.0000,150
128,3755648.7864,3785648.7864,30000.0000,3000,10.0000,0.0000,150
129,3785648.7864,3815648.7864,30000.0000,3000,10.0000,0.0000,150
130,3815648.7864,3845648.7864,30000.0000,3000,10.0000,0.0000,150
131,3845648.7864,3875648.7864,30000.0000,3000,10.0000,0.0000,150
132,3875648.7864,3905648.7864,30000.0000,3000,10.0000,0.0000,150
133,3905648.7864,3935648.7864,30000.0000,3000,10.0000,0.0000,150
134,3935648.7864,3965648.7864,30000.0000,3000,10.0000,0.0000,150
135,3965648.7864,3995648.7864,30000.0000,3000,10.0000,0.0000,150
136,3995648.7864,4025648.7864,30000.0000,3000,10.0000,0.0000,150
137,4025648.7864,4055648.7864,30000.0000,3000,10.0000,0.0000,150
138,4055648.7864,4085648.7864,30000.0000,3000,10.0000,0.0000,150
139,4085648.7864,4115648.7864,30000.0000,3000,10.0000,0.0000,150
140,4115648.7864,4145648.7864,30000.0000,3000,10.0000,0.0000,150
141,4145648.7864,4175648.7864,30000.0000,3000,10.0000,0.0000,150
142,4175648.7864,4205648.7864,30000.0000,3000,10.0000,0.0000,150
143,4205648.7864,4235648.7864,30000.0000,3000,10.0000,0.0000,150
144,4235648.7864,4265648.7864,30000.0000,3000,10.0000,0.0000,150
145,4265648.7864,4295648.7864,30000.0000,3000,10.0000,0.0000,150
146,4295648.7864,4325648.7864,30000.0000,3000,10.0000,0.0000,150
147,4325648.7864,4355648.7864,30000.0000,3000,10.0000,0.0000,150
148,4355648.7864,4385648.7864,30000.0000,3000,10.0000,0.0000,150
149,4385648.7864,4415648.7864,30000.0000,3000,10.0000,0.0000,150
150,4415648.7864,4445648.7864,30000.0000,3000,10.0000,0.0000,150
151,4445648.7864,4475648.7864,30000.0000,3000,10.0000,0.0000,150
152,4475648.7864,4505648.7864,30000.0000,3000,10.0000,0.0000,150
153,4505648.7864,4535648.7864,30000.0000,3000,10.0000,0.0000,150
154,4535648.7864,4565648.7864,30000.0000,3000,10.0000,0.0000,150
155,4565648.7864,4595648.7864,30000.0000,3000,10.0000,0.0000,150
156,4595648.7864,4625648.7864,30000.0000,3000,10.0000,0.0000,150
157,4625648.7864,4655648.7864,30000.0000,3000,10.0000,0.0000,150
158,4655648.7864,4685648.7864,30000.0000,3000,10.0000,0.0000,150
159,4685648.7864,4715648.7864,30000.0000,3000,10.0000,0.0000,150
160,4715648.7864,4745648.7864,30000.0000,3000,10.0000,0.0000,150
161,4745648.7864,4775648.7864,30000.0000,3000,10.0000,0.0000,150
162,4775648.7864,4805648.7864,30000.0000,3000,10.0000,0.0000,150
163,4805648.7864,4835648.7864,30000.0000,3000,10.0000,0.0000,150
164,4835648.7864,4865648.7864,30000.0000,3000,10.0000,0.0000,150
165,4865648.7864,4895648.7864,30000.0000,3000,10.0000,0.0000,150
166,4895648.7864,4925648.7864,30000.0000,3000,10.0000,0.0000,150
167,4925648.7864,4985648.7864,60000.0000,3000,20.0000,-0.0500,75
168,4985648.7864,5042648.7864,57000.0000,3000,19.0000,-0.0500,75
169,5042648.7864,5096798.7864,54150.0000,3000,18.0500,-0.0500,75
170,5096798.7864,5148241.2864,51442.5000,3000,17.1475,-0.0500,75
171,5148241.2864,5197111.6614,48870.3750,3000,16.2901,-0.0500,75
172,5197111.6614,5243538.5176,46426.8563,3000,15.4756,-0.0500,75
173,5243538.5176,5287644.0311,44105.5134,3000,14.7018,-0.0500,75
174,5287644.0311,5329544.2688,41900.2378,3000,13.9667,-0.0500,75
175,5329544.2688,5369349.4947,39805.2259,3000,13.2684,-0.0500,75
176,5369349.4947,5407164.4593,37814.9646,3000,12.6050,-0.0500,75
177,5407164.4593,5443088.6757,35924.2164,3000,11.9747,-0.0500,75
178,5443088.6757,5477216.6812,34128.0055,3000,11.3760,-0.0500,75
179,5477216.6812,5509638.2865,32421.6053,3000,10.8072,-0.0500,75
180,5509638.2865,5540438.8115,30800.5250,3000,10.2668,-0.0260,75
181,5540438.8115,5570438.8115,30000.0000,3000,10.0000,0.0000,75
182,5570438.8115,5600438.8115,30000.0000,3000,10.0000,0.0000,75
183,5600438.8115,5630438.8115,30000.0000,3000,10.0000,0.0000,75
184,5630438.8115,5660438.8115,30000.0000,3000,10.0000,0.0000,75
185,5660438.8115,5690438.8115,30000.0000,3000,10.0000,0.0000,75
186,5690438.8115,5720438.8115,30000.0000,3000,10.0000,0.0000,75
187,5720438.8115,5750438.8115,30000.0000,3000,10.0000,0.0000,75
188,5750438.8115,5780438.8115,30000.0000,3000,10.0000,0.0000,75
189,5780438.8115,5810438.8115,30000.0000,3000,10.0000,0.0000,75
190,5810438.8115,5840438.8115,30000.0000,3000,10.0000,0.0000,75
191,5840438.8115,5870438.8115,30000.0000,3000,10.0000,0.0000,75
192,5870438.8115,5900438.8115,30000.0000,3000,10.0000,0.0000,75
193,5900438.8115,5930438.8115,30000.0000,3000,10.0000,0.0000,75
194,5930438.8115,5960438.8115,30000.0000,3000,10.0000,0.0000,75
195,5960438.8115,5990438.8115,30000.0000,3000,10.0000,0.0000,75
196,5990438.8115,6020438.8115,30000.0000,3000,10.0000,0.0000,75
197,6020438.8115,6050438.8115,30000.0000,3000,10.0000,0.0000,75
198,6050438.8115,6080438.8115,30000.0000,3000,10.0000,0.0000,75
199,6080438.8115,6110438.8115,30000.0000,3000,10.0000,0.0000,75
200,6110438.8115,6140438.8115,30000.0000,3000,10.0000,0.0000,75
201,6140438.8115,6170438.8115,30000.0000,3000,10.0000,0.0000,75
202,6170438.8115,6200438.8115,30000.0000,3000,10.0000,0.0000,75
203,6200438.8115,6230438.8115,30000.0000,3000,10.0000,0.0000,75
204,6230438.8115,6260438.8115,30000.0000,3000,10.0000,0.0000,75
205,6260438.8115,6290438.8115,30000.0000,3000,10.0000,0.0000,75
206,6290438.8115,6320438.8115,30000.0000,3000,10.0000,0.0000,75
207,6320438.8115,6350438.8115,30000.0000,3000,10.0000,0.0000,75
208,6350438.8115,6380438.8115,30000.0000,3000,10.0000,0.0000,75
209,6380438.8115,6410438.8115,30000.0000,3000,10.0000,0.0000,75
210,6410438.8115,6440438.8115,30000.0000,3000,10.0000,0.0000,75
211,6440438.8115,6470438.8115,30000.0000,3000,10.0000,0.0000,75
212,6470438.8115,6500438.8115,30000.0000,3000,10.0000,0.0000,75
213,6500438.8115,6530438.8115,30000.0000,3000,10.0000,0.0000,75
214,6530438.8115,6560438.8115,30000.0000,3000,10.0000,0.0000,75
215,6560438.8115,6590438.8115,30000.0000,3000,10.0000,0.0000,75
216,6590438.8115,6620438.8115,30000.0000,3000,10.0000,0.0000,75
217,6620438.8115,6650438.8115,30000.0000,3000,10.0000,0.0000,75
218,6650438.8115,6680438.8115,30000.0000,3000,10.0000,0.0000,75
219,6680438.8115,6710438.8115,30000.0000,3000,10.0000,0.0000,75
220,6710438.8115,6740438.8115,30000.0000,3000,10.0000,0.0000,75
221,6740438.8115,6770438.8115,30000.0000,3000,10.0000,0.0000,75
222,6770438.8115,6800438.8115,30000.0000,3000,10.0000,0.0000,75
223,6800438.8115,6830438.8115,30000.0000,3000,10.0000,0.0000,75
224,6830438.8115,6860438.8115,30000.0000,3000,10.0000,0.0000,75
225,6860438.8115,6890438.8115,30000.0000,3000,10.0000,0.0000,75
226,6890438.8115,6920438.8115,30000.0000,3000,10.0000,0.0000,75
227,6920438.8115,6950438.8115,30000.0000,3000,10.0000,0.0000,75
228,6950438.8115,6980438.8115,30000.0000,3000,10.0000,0.0000,75
229,6980438.8115,7010438.8115,30000.0000,3000,10.0000,0.0000,75
230,7010438.8115,7040438.8115,30000.0000,3000,10.0000,0.0000,75
231,7040438.8115,7070438.8115,30000.0000,3000,10.0000,0.0000,75
232,7070438.8115,7100438.8115,30000.0000,3000,10.0000,0.0000,75
233,7100438.8115,7130438.8115,30000.0000,3000,10.0000,0.0000,75
234,7130438.8115,7160438.8115,30000.0000,3000,10.0000,0.0000,75
235,7160438.8115,7190438.8115,30000.0000,3000,10.0000,0.0000,75
236,7190438.8115,7220438.8115,30000.0000,3000,10.0000,0.0000,75
237,7220438.8115,7250438.8115,30000.0000,3000,10.0000,0.0000,75
238,7250438.8115,7280438.8115,30000.0000,3000,10.0000,0.0000,75
239,7280438.8115,7310438.8115,30000.0000,3000,10.0000,0.0000,75
240,7310438.8115,7340438.8115,30000.0000,3000,10.0000,0.0000,75
241,7340438.8115,7370438.8115,30000.0000,3000,10.0000,0.0000,75
242,7370438.8115,7400438.8115,30000.0000,3000,10.0000,0.0000,75
243,7400438.8115,7430438.8115,30000.0000,3000,10.0000,0.0000,75
244,7430438.8115,7460438.8115,30000.0000,3000,10.0000,0.0000,75
245,7460438.8115,7490438.8115,30000.0000,3000,10.0000,0.0000,75
246,7490438.8115,7520438.8115,30000.0000,3000,10.0000,0.0000,75
247,7520438.8115,7550438.8115,30000.0000,3000,10.0000,0.0000,75
248,7550438.8115,7580438.8115,30000.0000,3000,10.0000,0.0000,75
249,7580438.8115,7610438.8115,30000.0000,3000,10.0000,0.0000,75
250,7610438.8115,7640438.8115,30000.0000,3000,10.0000,0.0000,75
251,7640438.8115,7670438.8115,30000.0000,3000,10.0000,0.0000,75
252,7670438.8115,7700438.8115,30000.0000,3000,10.0000,0.0000,75
253,7700438.8115,7730438.8115,30000.0000,3000,10.0000,0.0000,75
254,7730438.8115,7760438.8115,30000.0000,3000,10.0000,0.0000,75
255,7760438.8115,7790438.8115,30000.0000,3000,10.0000,0.0000,75
256,7790438.8115,7820438.8115,30000.0000,3000,10.0000,0.0000,75
257,7820438.8115,7850438.8115,30000.0000,3000,10.0000,0.0000,75
258,7850438.8115,7880438.8115,30000.0000,3000,10.0000,0.0000,75
259,7880438.8115,7910438.8115,30000.0000,3000,10.0000,0.0000,75
260,7910438.8115,7940438.8115,30000.0000,3000,10.0000,0.0000,75
261,7940438.8115,7970438.8115,30000.0000,3000,10.0000,0.0000,75
262,7970438.8115,8000438.8115,30000.0000,3000,10.0000,0.0000,75
263,8000438.8115,8030438.8115,30000.0000,3000,10.0000,0.0000,75
264,8030438.8115,8060438.8115,30000.0000,3000,10.0000,0.0000,75
265,8060438.8115,8090438.8115,30000.0000,3000,10.0000,0.0000,75
266,8090438.8115,8120438.8115,30000.0000,3000,10.0000,0.0000,75
267,8120438.8115,8150438.8115,30000.0000,3000,10.0000,0.0000,75
268,8150438.8115,8180438.8115,30000.0000,3000,10.0000,0.0000,75
269,8180438.8115,8210438.8115,30000.0000,3000,10.0000,0.0000,75
270,8210438.8115,8240438.8115,30000.0000,3000,10.0000,0.0000,75
271,8240438.8115,8270438.8115,30000.0000,3000,10.0000,0.0000,75
272,8270438.8115,8300438.8115,30000.0000,3000,10.0000,0.0000,75
273,8300438.8115,8330438.8115,30000.0000,3000,10.0000,0.0000,75
274,8330438.8115,8360438.8115,30000.0000,3000,10.0000,0.0000,75
275,8360438.8115,8390438.8115,30000.0000,3000,10.0000,0.0000,75
276,8390438.8115,8420438.8115,30000.0000,3000,10.0000,0.0000,75
277,8420438.8115,8450438.8115,30000.0000,3000,10.0000,0.0000,75
278,8450438.8115,8480438.8115,30000.0000,3000,10.0000,0.0000,75
279,8480438.8115,8510438.8115,30000.0000,3000,10.0000,0.0000,75
280,8510438.8115,8540438.8115,30000.0000,3000,10.0000,0.0000,75
281,8540438.8115,8570438.8115,30000.0000,3000,10.0000,0.0000,75
282,8570438.8115,8600438.8115,30000.0000,3000,10.0000,0.0000,75
283,8600438.8115,8630438.8115,30000.0000,3000,10.0000,0.0000,75
284,8630438.8115,8660438.8115,30000.0000,3000,10.0000,0.0000,75
285,8660438.8115,8690438.8115,30000.0000,3000,10.0000,0.0000,75
286,8690438.8115,8720438.8115,30000.0000,3000,10.0000,0.0000,75
287,8720438.8115,8750438.8115,30000.0000,3000,10.0000,0.0000,75
288,8750438.8115,8780438.8115,30000.0000,3000,10.0000,0.0000,75
289,8780438.8115,8810438.8115,30000.0000,3000,10.0000,0.0000,75
290,8810438.8115,8840438.8115,30000.0000,3000,10.0000,0.0000,75
291,8840438.8115,8870438.8115,30000.0000,3000,10.0000,0.0000,75
292,8870438.8115,8900438.8115,30000.0000,3000,10.0000,0.0000,75
293,8900438.8115,8930438.8115,30000.0000,3000,10.0000,0.0000,75
294,8930438.8115,8960438.8115,30000.0000,3000,10.0000,0.0000,75
295,8960438.8115,8990438.8115,30000.0000,3000,10.0000,0.0000,75
296,8990438.8115,9020438.8115,30000.0000,3000,10.0000,0.0000,75
297,9020438.8115,9050438.8115,30000.0000,3000,10.0000,0.0000,75
298,9050438.8115,9080438.8115,30000.0000,3000,10.0000,0.0000,75
299,9080438.8115,9110438.8115,30000.0000,3000,10.0000,0.0000,75
300,9110438.8115,9140438.8115,30000.0000,3000,10.0000,0.0000,75
301,9140438.8115,9170438.8115,30000.0000,3000,10.0000,0.0000,75
302,9170438.8115,9200438.8115,30000.0000,3000,10.0000,0.0000,75
303,9200438.8115,9230438.8115,30000.0000,3000,10.0000,0.0000,75
304,9230438.8115,9260438.8115,30000.0000,3000,10.0000,0.0000,75
305,9260438.8115,9290438.8115,30000.0000,3000,10.0000,0.0000,75
306,9290438.8115,9320438.8115,30000.0000,3000,10.0000,0.0000,75
307,9320438.8115,9350438.8115,30000.0000,3000,10.0000,0.0000,75
308,9350438.8115,9380438.8115,30000.0000,3000,10.0000,0.0000,75
309,9380438.8115,9410438.8115,30000.0000,3000,10.0000,0.0000,75
310,9410438.8115,9440438.8115,30000.0000,3000,10.0000,0.0000,75
311,9440438.8115,9470438.8115,30000.0000,3000,10.0000,0.0000,75
312,9470438.8115,9500438.8115,30000.0000,3000,10.0000,0.0000,75
313,9500438.8115,9530438.8115,30000.0000,3000,10.0000,0.0000,75
314,9530438.8115,9560438.8115,30000.0000,3000,10.0000,0.0000,75
315,9560438.8115,9590438.8115,30000.0000,3000,10.0000,0.0000,75
316,9590438.8115,9620438.8115,30000.0000,3000,10.0000,0.0000,75
317,9620438.8115,9650438.8115,30000.0000,3000,10.0000,0.0000,75
318,9650438.8115,9680438.8115,30000.0000,3000,10.0000,0.0000,75
319,9680438.8115,9710438.8115,30000.0000,3000,10.0000,0.0000,75
320,9710438.8115,9740438.8115,30000.0000,3000,10.0000,0.0000,75
321,9740438.8115,9770438.8115,30000.0000,3000,10.0000,0.0000,75
322,9770438.8115,9800438.8115,30000.0000,3000,10.0000,0.0000,75
323,9800438.8115,9830438.8115,30000.0000,3000,10.0000,0.0000,75
324,9830438.8115,9860438.8115,30000.0000,3000,10.0000,0.0000,75
325,9860438.8115,9890438.8115,30000.0000,3000,10.0000,0.0000,75
326,9890438.8115,9920438.8115,30000.0000,3000,10.0000,0.0000,75
327,9920438.8115,9950438.8115,30000.0000,3000,10.0000,0.0000,75
328,9950438.8115,9980438.8115,30000.0000,3000,10.0000,0.0000,75
329,9980438.8115,10010438.8115,30000.0000,3000,10.0000,0.0000,75
330,10010438.8115,10040438.8115,30000.0000,3000,10.0000,0.0000,75
331,10040438.8115,10070438.8115,30000.0000,3000,10.0000,0.0000,75
332,10070438.8115,10100438.8115,30000.0000,3000,10.0000,0.0000,75
333,10100438.8115,10130438.8115,30000.0000,3000,10.0000,0.0000,75
334,10130438.8115,10160438.8115,30000.0000,3000,10.0000,0.0000,75
335,10160438.8115,10190438.8115,30000.0000,3000,10.0000,0.0000,75
336,10190438.8115,10220438.8115,30000.0000,3000,10.0000,0.0000,75
337,10220438.8115,10250438.8115,30000.0000,3000,10.0000,0.0000,75
338,10250438.8115,10280438.8115,30000.0000,3000,10.0000,0.0000,75
339,10280438.8115,10310438.8115,30000.0000,3000,10.0000,0.0000,75
340,10310438.8115,10340438.8115,30000.0000,3000,10.0000,0.0000,75
341,10340438.8115,10370438.8115,30000.0000,3000,10.0000,0.0000,75
342,10370438.8115,10400438.8115,30000.0000,3000,10.0000,0.0000,75
343,10400438.8115,10430438.8115,30000.0000,3000,10.0000,0.0000,75
344,10430438.8115,10460438.8115,30000.0000,3000,10.0000,0.0000,75
345,10460438.8115,10490438.8115,30000.0000,3000,10.0000,0.0000,75
346,10490438.8115,10520438.8115,30000.0000,3000,10.0000,0.0000,75
347,10520438.8115,10550438.8115,30000.0000,3000,10.0000,0.0000,75
348,10550438.8115,10580438.8115,30000.0000,3000,10.0000,0.0000,75
349,10580438.8115,10610438.8115,30000.0000,3000,10.0000,0.0000,75
350,10610438.8115,10640438.8115,30000.0000,3000,10.0000,0.0000,75
351,10640438.8115,10670438.8115,30000.0000,3000,10.0000,0.0000,75
352,10670438.8115,10700438.8115,30000.0000,3000,10.0000,0.0000,75
353,10700438.8115,10730438.8115,30000.0000,3000,10.0000,0.0000,75
354,10730438.8115,10760438.8115,30000.0000,3000,10.0000,0.0000,75
355,10760438.8115,10790438.8115,30000.0000,3000,10.0000,0.0000,75
356,10790438.8115,10820438.8115,30000.0000,3000,10.0000,0.0000,75
357,10820438.8115,10850438.8115,30000.0000,3000,10.0000,0.0000,75
358,10850438.8115,10880438.8115,30000.0000,3000,10.0000,0.0000,75
359,10880438.8115,10910438.8115,30000.0000,3000,10.0000,0.0000,75
360,10910438.8115,10940438.8115,30000.0000,3000,10.0000,0.0000,75
361,10940438.8115,10970438.8115,30000.0000,3000,10.0000,0.0000,75
362,10970438.8115,11000438.8115,30000.0000,3000,10.0000,0.0000,75
363,11000438.8115,11030438.8115,30000.0000,3000,10.0000,0.0000,75
364,11030438.8115,11060438.8115,30000.0000,3000,10.0000,0.0000,75
365,11060438.8115,11090438.8115,30000.0000,3000,10.0000,0.0000,75
366,11090438.8115,11120438.8115,30000.0000,3000,10.0000,0.0000,75
367,11120438.8115,11150438.8115,30000.0000,3000,10.0000,0.0000,75
368,11150438.8115,11180438.8115,30000.0000,3000,10.0000,0.0000,75
369,11180438.8115,11210438.8115,30000.0000,3000,10.0000,0.0000,75
370,11210438.8115,11240438.8115,30000.0000,3000,10.0000,0.0000,75
371,11240438.8115,11270438.8115,30000.0000,3000,10.0000,0.0000,75
372,11270438.8115,11300438.8115,30000.0000,3000,10.0000,0.0000,75
373,11300438.8115,11330438.8115,30000.0000,3000,10.0000,0.0000,75
374,11330438.8115,11360438.8115,30000.0000,3000,10.0000,0.0000,75
375,11360438.8115,11390438.8115,30000.0000,3000,10.0000,0.0000,75
376,11390438.8115,11420438.8115,30000.0000,3000,10.0000,0.0000,75
377,11420438.8115,11450438.8115,30000.0000,3000,10.0000,0.0000,75
378,11450438.8115,11480438.8115,30000.0000,3000,10.0000,0.0000,75
379,11480438.8115,11510438.8115,30000.0000,3000,10.0000,0.0000,75
380,11510438.8115,11540438.8115,30000.0000,3000,10.0000,0.0000,75
381,11540438.8115,11570438.8115,30000.0000,3000,10.0000,0.0000,75
382,11570438.8115,11600438.8115,30000.0000,3000,10.0000,0.0000,75
383,11600438.8115,11630438.8115,30000.0000,3000,10.0000,0.0000,75
384,11630438.8115,11660438.8115,30000.0000,3000,10.0000,0.0000,75
385,11660438.8115,11690438.8115,30000.0000,3000,10.0000,0.0000,75
386,11690438.8115,11720438.8115,30000.0000,3000,10.0000,0.0000,75
387,11720438.8115,11750438.8115,30000.0000,3000,10.0000,0.0000,75
388,11750438.8115,11780438.8115,30000.0000,3000,10.0000,0.0000,75
389,11780438.8115,11810438.8115,30000.0000,3000,10.0000,0.0000,75
390,11810438.8115,11840438.8115,30000.0000,3000,10.0000,0.0000,75
391,11840438.8115,11870438.8115,30000.0000,3000,10.0000,0.0000,75
392,11870438.8115,11900438.8115,30000.0000,3000,10.0000,0.0000,75
393,11900438.8115,11930438.8115,30000.0000,3000,10.0000,0.0000,75
394,11930438.8115,11960438.8115,30000.0000,3000,10.0000,0.0000,75
395,11960438.8115,11990438.8115,30000.0000,3000,10.0000,0.0000,75
396,11990438.8115,12020438.8115,30000.0000,3000,10.0000,0.0000,75
397,12020438.8115,12050438.8115,30000.0000,3000,10.0000,0.0000,75
398,12050438.8115,12080438.8115,30000.0000,3000,10.0000,0.0000,75
399,12080438.8115,12110438.8115,30000.0000,3000,10.0000,0.0000,75
400,12110438.8115,12140438.8115,30000.0000,3000,10.0000,0.0000,75
401,12140438.8115,12170438.8115,30000.0000,3000,10.0000,0.0000,75
402,12170438.8115,12200438.8115,30000.0000,3000,10.0000,0.0000,75
403,12200438.8115,12230438.8115,30000.0000,3000,10.0000,0.0000,75
404,12230438.8115,12260438.8115,30000.0000,3000,10.0000,0.0000,75
405,12260438.8115,12290438.8115,30000.0000,3000,10.0000,0.0000,75
406,12290438.8115,12320438.8115,30000.0000,3000,10.0000,0.0000,75
407,12320438.8115,12350438.8115,30000.0000,3000,10.0000,0.0000,75
408,12350438.8115,12380438.8115,30000.0000,3000,10.0000,0.0000,75
409,12380438.8115,12410438.8115,30000.0000,3000,10.0000,0.0000,75
410,12410438.8115,12440438.8115,30000.0000,3000,10.0000,0.0000,75
411,12440438.8115,12470438.8115,30000.0000,3000,10.0000,0.0000,75
412,12470438.8115,12500438.8115,30000.0000,3000,10.0000,0.0000,75
413,12500438.8115,12530438.8115,30000.0000,3000,10.0000,0.0000,75
414,12530438.8115,12560438.8115,30000.0000,3000,10.0000,0.0000,75
415,12560438.8115,12590438.8115,30000.0000,3000,10.0000,0.0000,75
416,12590438.8115,12620438.8115,30000.0000,3000,10.0000,0.0000,75
417,12620438.8115,12650438.8115,30000.0000,3000,10.0000,0.0000,75
418,12650438.8115,12680438.8115,30000.0000,3000,10.0000,0.0000,75
419,12680438.8115,12710438.8115,30000.0000,3000,10.0000,0.0000,75
420,12710438.8115,12740438.8115,30000.0000,3000,10.0000,0.0000,75
421,12740438.8115,12770438.8115,30000.0000,3000,10.0000,0.0000,75
422,12770438.8115,12800438.8115,30000.0000,3000,10.0000,0.0000,75
423,12800438.8115,12830438.8115,30000.0000,3000,10.0000,0.0000,75
424,12830438.8115,12860438.8115,30000.0000,3000,10.0000,0.0000,75
425,12860438.8115,12890438.8115,30000.0000,3000,10.0000,0.0000,75
426,12890438.8115,12920438.8115,30000.0000,3000,10.0000,0.0000,75
427,12920438.8115,12950438.8115,30000.0000,3000,10.0000,0.0000,75
428,12950438.8115,12980438.8115,30000.0000,3000,10.0000,0.0000,75
429,12980438.8115,13010438.8115,30000.0000,3000,10.0000,0.0000,75
430,13010438.8115,13040438.8115,30000.0000,3000,10.0000,0.0000,75
431,13040438.8115,13070438.8115,30000.0000,3000,10.0000,0.0000,75
432,13070438.8115,13100438.8115,30000.0000,3000,10.0000,0.0000,75
433,13100438.8115,13130438.8115,30000.0000,3000,10.0000,0.0000,75
434,13130438.8115,13160438.8115,30000.0000,3000,10.0000,0.0000,75
435,13160438.8115,13190438.8115,30000.0000,3000,10.0000,0.0000,75
436,13190438.8115,13220438.8115,30000.0000,3000,10.0000,0.0000,75
437,13220438.8115,13250438.8115,30000.0000,3000,10.0000,0.0000,75
438,13250438.8115,13280438.8115,30000.0000,3000,10.0000,0.0000,75
439,13280438.8115,13310438.8115,30000.0000,3000,10.0000,0.0000,75
440,13310438.8115,13340438.8115,30000.0000,3000,10.0000,0.0000,75
441,13340438.8115,13370438.8115,30000.0000,3000,10.0000,0.0000,75
442,13370438.8115,13400438.8115,30000.0000,3000,10.0000,0.0000,75
443,13400438.8115,13430438.8115,30000.0000,3000,10.0000,0.0000,75
444,13430438.8115,13460438.8115,30000.0000,3000,10.0000,0.0000,75
445,13460438.8115,13490438.8115,30000.0000,3000,10.0000,0.0000,75
446,13490438.8115,13520438.8115,30000.0000,3000,10.0000,0.0000,75
447,13520438.8115,13550438.8115,30000.0000,3000,10.0000,0.0000,75
448,13550438.8115,13580438.8115,30000.0000,3000,10.0000,0.0000,75
449,13580438.8115,13610438.8115,30000.0000,3000,10.0000,0.0000,75
450,13610438.8115,13640438.8115,30000.0000,3000,10.0000,0.0000,75
451,13640438.8115,13670438.8115,30000.0000,3000,10.0000,0.0000,75
452,13670438.8115,13700438.8115,30000.0000,3000,10.0000,0.0000,75
453,13700438.8115,13730438.8115,30000.0000,3000,10.0000,0.0000,75
454,13730438.8115,13760438.8115,30000.0000,3000,10.0000,0.0000,75
455,13760438.8115,13790438.8115,30000.0000,3000,10.0000,0.0000,75
456,13790438.8115,13820438.8115,30000.0000,3000,10.0000,0.0000,75
457,13820438.8115,13850438.8115,30000.0000,3000,10.0000,0.0000,75
458,13850438.8115,13880438.8115,30000.0000,3000,10.0000,0.0000,75
459,13880438.8115,13910438.8115,30000.0000,3000,10.0000,0.0000,75
460,13910438.8115,13940438.8115,30000.0000,3000,10.0000,0.0000,75
461,13940438.8115,13970438.8115,30000.0000,3000,10.0000,0.0000,75
462,13970438.8115,14000438.8115,30000.0000,3000,10.0000,0.0000,75
463,14000438.8115,14030438.8115,30000.0000,3000,10.0000,0.0000,75
464,14030438.8115,14060438.8115,30000.0000,3000,10.0000,0.0000,75
465,14060438.8115,14090438.8115,30000.0000,3000,10.0000,0.0000,75
466,14090438.8115,14120438.8115,30000.0000,3000,10.0000,0.0000,75
467,14120438.8115,14150438.8115,30000.0000,3000,10.0000,0.0000,75
468,14150438.8115,14180438.8115,30000.0000,3000,10.0000,0.0000,75
469,14180438.8115,14210438.8115,30000.0000,3000,10.0000,0.0000,75
470,14210438.8115,14240438.8115,30000.0000,3000,10.0000,0.0000,75
471,14240438.8115,14270438.8115,30000.0000,3000,10.0000,0.0000,75
472,14270438.8115,14300438.8115,30000.0000,3000,10.0000,0.0000,75
473,14300438.8115,14330438.8115,30000.0000,3000,10.0000,0.0000,75
474,14330438.8115,14360438.8115,30000.0000,3000,10.0000,0.0000,75
475,14360438.8115,14390438.8115,30000.0000,3000,10.0000,0.0000,75
476,14390438.8115,14420438.8115,30000.0000,3000,10.0000,0.0000,75
477,14420438.8115,14450438.8115,30000.0000,3000,10.0000,0.0000,75
478,14450438.8115,14480438.8115,30000.0000,3000,10.0000,0.0000,75
479,14480438.8115,14510438.8115,30000.0000,3000,10.0000,0.0000,75
480,14510438.8115,14540438.8115,30000.0000,3000,10.0000,0.0000,75
481,14540438.8115,14570438.8115,30000.0000,3000,10.0000,0.0000,75
482,14570438.8115,14600438.8115,30000.0000,3000,10.0000,0.0000,75
483,14600438.8115,14630438.8115,30000.0000,3000,10.0000,0.0000,75
484,14630438.8115,14660438.8115,30000.0000,3000,10.0000,0.0000,75
485,14660438.8115,14690438.8115,30000.0000,3000,10.0000,0.0000,75
486,14690438.8115,14720438.8115,30000.0000,3000,10.0000,0.0000,75
487,14720438.8115,14750438.8115,30000.0000,3000,10.0000,0.0000,75
488,14750438.8115,14780438.8115,30000.0000,3000,10.0000,0.0000,75
489,14780438.8115,14810438.8115,30000.0000,3000,10.0000,0.0000,75
490,14810438.8115,14840438.8115,30000.0000,3000,10.0000,0.0000,75
491,14840438.8115,14870438.8115,30000.0000,3000,10.0000,0.0000,75
492,14870438.8115,14900438.8115,30000.0000,3000,10.0000,0.0000,75
493,14900438.8115,14930438.8115,30000.0000,3000,10.0000,0.0000,75
494,14930438.8115,14960438.8115,30000.0000,3000,10.0000,0.0000,75
495,14960438.8115,14990438.8115,30000.0000,3000,10.0000,0.0000,75
496,14990438.8115,15020438.8115,30000.0000,3000,10.0000,0.0000,75
497,15020438.8115,15050438.8115,30000.0000,3000,10.0000,0.0000,75
498,15050438.8115,15080438.8115,30000.0000,3000,10.0000,0.0000,75
499,15080438.8115,15110438.8115,30000.0000,3000,10.0000,0.0000,75
500,15110438.8115,15140438.8115,30000.0000,3000,10.0000,0.0000,75
501,15140438.8115,15170438.8115,30000.0000,3000,10.0000,0.0000,75
502,15170438.8115,15200438.8115,30000.0000,3000,10.0000,0.0000,75
503,15200438.8115,15230438.8115,30000.0000,3000,10.0000,0.0000,75
504,15230438.8115,15260438.8115,30000.0000,3000,10.0000,0.0000,75
505,15260438.8115,15290438.8115,30000.0000,3000,10.0000,0.0000,75
506,15290438.8115,15320438.8115,30000.0000,3000,10.0000,0.0000,75
507,15320438.8115,15350438.8115,30000.0000,3000,10.0000,0.0000,75
508,15350438.8115,15380438.8115,30000.0000,3000,10.0000,0.0000,75
509,15380438.8115,15410438.8115,30000.0000,3000,10.0000,0.0000,75
510,15410438.8115,15440438.8115,30000.0000,3000,10.0000,0.0000,75
511,15440438.8115,15470438.8115,30000.0000,3000,10.0000,0.0000,75
512,15470438.8115,15500438.8115,30000.0000,3000,10.0000,0.0000,75
513,15500438.8115,15530438.8115,30000.0000,3000,10.0000,0.0000,75
514,15530438.8115,15560438.8115,30000.0000,3000,10.0000,0.0000,75
515,15560438.8115,15590438.8115,30000.0000,3000,10.0000,0.0000,75
516,15590438.8115,15620438.8115,30000.0000,3000,10.0000,0.0000,75
517,15620438.8115,15650438.8115,30000.0000,3000,10.0000,0.0000,75
518,15650438.8115,15680438.8115,30000.0000,3000,10.0000,0.0000,75
519,15680438.8115,15710438.8115,30000.0000,3000,10.0000,0.0000,75
520,15710438.8115,15740438.8115,30000.0000,3000,10.0000,0.0000,75
521,15740438.8115,15770438.8115,30000.0000,3000,10.0000,0.0000,75
522,15770438.8115,15800438.8115,30000.0000,3000,10.0000,0.0000,75
523,15800438.8115,15830438.8115,30000.0000,3000,10.0000,0.0000,75
524,15830438.8115,15860438.8115,30000.0000,3000,10.0000,0.0000,75
525,15860438.8115,15890438.8115,30000.0000,3000,10.0000,0.0000,75
526,15890438.8115,15920438.8115,30000.0000,3000,10.0000,0.0000,75
527,15920438.8115,15950438.8115,30000.0000,3000,10.0000,0.0000,75
528,15950438.8115,15980438.8115,30000.0000,3000,10.0000,0.0000,75
529,15980438.8115,16010438.8115,30000.0000,3000,10.0000,0.0000,75
530,16010438.8115,16040438.8115,30000.0000,3000,10.0000,0.0000,75
531,16040438.8115,16070438.8115,30000.0000,3000,10.0000,0.0000,75
532,16070438.8115,16100438.8115,30000.0000,3000,10.0000,0.0000,75
533,16100438.8115,16130438.8115,30000.0000,3000,10.0000,0.0000,75
534,16130438.8115,16160438.8115,30000.0000,3000,10.0000,0.0000,75
535,16160438.8115,16190438.8115,30000.0000,3000,10.0000,0.0000,75
536,16190438.8115,16220438.8115,30000.0000,3000,10.0000,0.0000,75
537,16220438.8115,16250438.8115,30000.0000,3000,10.0000,0.0000,75
538,16250438.8115,16280438.8115,30000.0000,3000,10.0000,0.0000,75
539,16280438.8115,16310438.8115,30000.0000,3000,10.0000,0.0000,75
540,16310438.8115,16340438.8115,30000.0000,3000,10.0000,0.0000,75
541,16340438.8115,16370438.8115,30000.0000,3000,10.0000,0.0000,75
542,16370438.8115,16400438.8115,30000.0000,3000,10.0000,0.0000,75
543,16400438.8115,16430438.8115,30000.0000,3000,10.0000,0.0000,75
544,16430438.8115,16460438.8115,30000.0000,3000,10.0000,0.0000,75
545,16460438.8115,16490438.8115,30000.0000,3000,10.0000,0.0000,75
546,16490438.8115,16520438.8115,30000.0000,3000,10.0000,0.0000,75
547,16520438.8115,16550438.8115,30000.0000,3000,10.0000,0.0000,75
548,16550438.8115,16580438.8115,30000.0000,3000,10.0000,0.0000,75
549,16580438.8115,16610438.8115,30000.0000,3000,10.0000,0.0000,75
550,16610438.8115,16640438.8115,30000.0000,3000,10.0000,0.0000,75
551,16640438.8115,16670438.8115,30000.0000,3000,10.0000,0.0000,75
552,16670438.8115,16700438.8115,30000.0000,3000,10.0000,0.0000,75
553,16700438.8115,16730438.8115,30000.0000,3000,10.0000,0.0000,75
554,16730438.8115,16760438.8115,30000.0000,3000,10.0000,0.0000,75
555,16760438.8115,16790438.8115,30000.0000,3000,10.0000,0.0000,75
556,16790438.8115,16820438.8115,30000.0000,3000,10.0000,0.0000,75
557,16820438.8115,16850438.8115,30000.0000,3000,10.0000,0.0000,75
558,16850438.8115,16880438.8115,30000.0000,3000,10.0000,0.0000,75
559,16880438.8115,16910438.8115,30000.0000,3000,10.0000,0.0000,75
560,16910438.8115,16940438.8115,30000.0000,3000,10.0000,0.0000,75
561,16940438.8115,16970438.8115,30000.0000,3000,10.0000,0.0000,75
562,16970438.8115,17000438.8115,30000.0000,3000,10.0000,0.0000,75
563,17000438.8115,17030438.8115,30000.0000,3000,10.0000,0.0000,75
564,17030438.8115,17060438.8115,30000.0000,3000,10.0000,0.0000,75
565,17060438.8115,17090438.8115,30000.0000,3000,10.0000,0.0000,75
566,17090438.8115,17120438.8115,30000.0000,3000,10.0000,0.0000,75
567,17120438.8115,17150438.8115,30000.0000,3000,10.0000,0.0000,75
568,17150438.8115,17180438.8115,30000.0000,3000,10.0000,0.0000,75
569,17180438.8115,17210438.8115,30000.0000,3000,10.0000,0.0000,75
570,17210438.8115,17240438.8115,30000.0000,3000,10.0000,0.0000,75
571,17240438.8115,17270438.8115,30000.0000,3000,10.0000,0.0000,75
572,17270438.8115,17300438.8115,30000.0000,3000,10.0000,0.0000,75
573,17300438.8115,17330438.8115,30000.0000,3000,10.0000,0.0000,75
574,17330438.8115,17360438.8115,30000.0000,3000,10.0000,0.0000,75
575,17360438.8115,17390438.8115,30000.0000,3000,10.0000,0.0000,75
576,17390438.8115,17420438.8115,30000.0000,3000,10.0000,0.0000,75
577,17420438.8115,17450438.8115,30000.0000,3000,10.0000,0.0000,75
578,17450438.8115,17480438.8115,30000.0000,3000,10.0000,0.0000,75
579,17480438.8115,17510438.8115,30000.0000,3000,10.0000,0.0000,75
580,17510438.8115,17540438.8115,30000.0000,3000,10.0000,0.0000,75
581,17540438.8115,17570438.8115,30000.0000,3000,10.0000,0.0000,75
582,17570438.8115,17600438.8115,30000.0000,3000,10.0000,0.0000,75
583,17600438.8115,17630438.8115,30000.0000,3000,10.0000,0.0000,75
584,17630438.8115,17660438.8115,30000.0000,3000,10.0000,0.0000,75
585,17660438.8115,17690438.8115,30000.0000,3000,10.0000,0.0000,75
586,17690438.8115,17720438.8115,30000.0000,3000,10.0000,0.0000,75
587,17720438.8115,17750438.8115,30000.0000,3000,10.0000,0.0000,75
588,17750438.8115,17780438.8115,30000.0000,3000,10.0000,0.0000,75
589,17780438.8115,17810438.8115,30000.0000,3000,10.0000,0.0000,75
590,17810438.8115,17840438.8115,30000.0000,3000,10.0000,0.0000,75
591,17840438.8115,17870438.8115,30000.0000,3000,10.0000,0.0000,75
592,17870438.8115,17900438.8115,30000.0000,3000,10.0000,0.0000,75
593,17900438.8115,17930438.8115,30000.0000,3000,10.0000,0.0000,75
594,17930438.8115,17960438.8115,30000.0000,3000,10.0000,0.0000,75
595,17960438.8115,17990438.8115,30000.0000,3000,10.0000,0.0000,75
596,17990438.8115,18020438.8115,30000.0000,3000,10.0000,0.0000,75
597,18020438.8115,18050438.8115,30000.0000,3000,10.0000,0.0000,75
598,18050438.8115,18080438.8115,30000.0000,3000,10.0000,0.0000,75
599,18080438.8115,18110438.8115,30000.0000,3000,10.0000,0.0000,75
600,18110438.8115,18140438.8115,30000.0000,3000,10.0000,0.0000,75
601,18140438.8115,18170438.8115,30000.0000,3000,10.0000,0.0000,75
602,18170438.8115,18200438.8115,30000.0000,3000,10.0000,0.0000,75
603,18200438.8115,18230438.8115,30000.0000,3000,10.0000,0.0000,75
604,18230438.8115,18260438.8115,30000.0000,3000,10.0000,0.0000,75
605,18260438.8115,18290438.8115,30000.0000,3000,10.0000,0.0000,75
606,18290438.8115,18320438.8115,30000.0000,3000,10.0000,0.0000,75
607,18320438.8115,18350438.8115,30000.0000,3000,10.0000,0.0000,75
608,18350438.8115,18380438.8115,30000.0000,3000,10.0000,0.0000,75
609,18380438.8115,18410438.8115,30000.0000,3000,10.0000,0.0000,75
610,18410438.8115,18440438.8115,30000.0000,3000,10.0000,0.0000,75
611,18440438.8115,18470438.8115,30000.0000,3000,10.0000,0.0000,75
612,18470438.8115,18500438.8115,30000.0000,3000,10.0000,0.0000,75
613,18500438.8115,18530438.8115,30000.0000,3000,10.0000,0.0000,75
614,18530438.8115,18560438.8115,30000.0000,3000,10.0000,0.0000,75
615,18560438.8115,18590438.8115,30000.0000,3000,10.0000,0.0000,75
616,18590438.8115,18620438.8115,30000.0000,3000,10.0000,0.0000,75
617,18620438.8115,18650438.8115,30000.0000,3000,10.0000,0.0000,75
618,18650438.8115,18680438.8115,30000.0000,3000,10.0000,0.0000,75
619,18680438.8115,18710438.8115,30000.0000,3000,10.0000,0.0000,75
620,18710438.8115,18740438.8115,30000.0000,3000,10.0000,0.0000,75
621,18740438.8115,18770438.8115,30000.0000,3000,10.0000,0.0000,75
622,18770438.8115,18800438.8115,30000.0000,3000,10.0000,0.0000,75
623,18800438.8115,18830438.8115,30000.0000,3000,10.0000,0.0000,75
624,18830438.8115,18860438.8115,30000.0000,3000,10.0000,0.0000,75
625,18860438.8115,18890438.8115,30000.0000,3000,10.0000,0.0000,75
626,18890438.8115,18920438.8115,30000.0000,3000,10.0000,0.0000,75
627,18920438.8115,18950438.8115,30000.0000,3000,10.0000,0.0000,75
628,18950438.8115,18980438.8115,30000.0000,3000,10.0000,0.0000,75
629,18980438.8115,19010438.8115,30000.0000,3000,10.0000,0.0000,75
630,19010438.8115,19040438.8115,30000.0000,3000,10.0000,0.0000,75
631,19040438.8115,19070438.8115,30000.0000,3000,10.0000,0.0000,75
632,19070438.8115,19100438.8115,30000.0000,3000,10.0000,0.0000,75
633,19100438.8115,19130438.8115,30000.0000,3000,10.0000,0.0000,75
634,19130438.8115,19160438.8115,30000.0000,3000,10.0000,0.0000,75
635,19160438.8115,19190438.8115,30000.0000,3000,10.0000,0.0000,75
636,19190438.8115,19220438.8115,30000.0000,3000,10.0000,0.0000,75
637,19220438.8115,19250438.8115,30000.0000,3000,10.0000,0.0000,75
638,19250438.8115,19280438.8115,30000.0000,3000,10.0000,0.0000,75
639,19280438.8115,19310438.8115,30000.0000,3000,10.0000,0.0000,75
640,19310438.8115,19340438.8115,30000.0000,3000,10.0000,0.0000,75
641,19340438.8115,19370438.8115,30000.0000,3000,10.0000,0.0000,75
642,19370438.8115,19400438.8115,30000.0000,3000,10.0000,0.0000,75
643,19400438.8115,19430438.8115,30000.0000,3000,10.0000,0.0000,75
644,19430438.8115,19460438.8115,30000.0000,3000,10.0000,0.0000,75
645,19460438.8115,19490438.8115,30000.0000,3000,10.0000,0.0000,75
646,19490438.8115,19520438.8115,30000.0000,3000,10.0000,0.0000,75
647,19520438.8115,19550438.8115,30000.0000,3000,10.0000,0.0000,75
648,19550438.8115,19580438.8115,30000.0000,3000,10.0000,0.0000,75
649,19580438.8115,19610438.8115,30000.0000,3000,10.0000,0.0000,75
650,19610438.8115,19640438.8115,30000.0000,3000,10.0000,0.0000,75
651,19640438.8115,19670438.8115,30000.0000,3000,10.0000,0.0000,75
652,19670438.8115,19700438.8115,30000.0000,3000,10.0000,0.0000,75
653,19700438.8115,19730438.8115,30000.0000,3000,10.0000,0.0000,75
654,19730438.8115,19760438.8115,30000.0000,3000,10.0000,0.0000,75
655,19760438.8115,19790438.8115,30000.0000,3000,10.0000,0.0000,75
656,19790438.8115,19820438.8115,30000.0000,3000,10.0000,0.0000,75
657,19820438.8115,19850438.8115,30000.0000,3000,10.0000,0.0000,75
658,19850438.8115,19880438.8115,30000.0000,3000,10.0000,0.0000,75
659,19880438.8115,19910438.8115,30000.0000,3000,10.0000,0.0000,75
660,19910438.8115,19940438.8115,30000.0000,3000,10.0000,0.0000,75
661,19940438.8115,19970438.8115,30000.0000,3000,10.0000,0.0000,75
662,19970438.8115,20000438.8115,30000.0000,3000,10.0000,0.0000,75
663,20000438.8115,20030438.8115,30000.0000,3000,10.0000,0.0000,75
664,20030438.8115,20060438.8115,30000.0000,3000,10.0000,0.0000,75
665,20060438.8115,20090438.8115,30000.0000,3000,10.0000,0.0000,75
666,20090438.8115,20120438.8115,30000.0000,3000,10.0000,0.0000,75
667,20120438.8115,20150438.8115,30000.0000,3000,10.0000,0.0000,75
668,20150438.8115,20180438.8115,30000.0000,3000,10.0000,0.0000,75
669,20180438.8115,20210438.8115,30000.0000,3000,10.0000,0.0000,75
670,20210438.8115,20240438.8115,30000.0000,3000,10.0000,0.0000,75
671,20240438.8115,20270438.8115,30000.0000,3000,10.0000,0.0000,75
672,20270438.8115,20300438.8115,30000.0000,3000,10.0000,0.0000,75
673,20300438.8115,20330438.8115,30000.0000,3000,10.0000,0.0000,75
674,20330438.8115,20360438.8115,30000.0000,3000,10.0000,0.0000,75
675,20360438.8115,20390438.8115,30000.0000,3000,10.0000,0.0000,75
676,20390438.8115,20420438.8115,30000.0000,3000,10.0000,0.0000,75
677,20420438.8115,20450438.8115,30000.0000,3000,10.0000,0.0000,75
678,20450438.8115,20480438.8115,30000.0000,3000,10.0000,0.0000,75
679,20480438.8115,20510438.8115,30000.0000,3000,10.0000,0.0000,75
680,20510438.8115,20540438.8115,30000.0000,3000,10.0000,0.0000,75
681,20540438.8115,20570438.8115,30000.0000,3000,10.0000,0.0000,75
682,20570438.8115,20600438.8115,30000.0000,3000,10.0000,0.0000,75
683,20600438.8115,20630438.8115,30000.0000,3000,10.0000,0.0000,75
684,20630438.8115,20660438.8115,30000.0000,3000,10.0000,0.0000,75
685,20660438.8115,20690438.8115,30000.0000,3000,10.0000,0.0000,75
686,20690438.8115,20720438.8115,30000.0000,3000,10.0000,0.0000,75
687,20720438.8115,20750438.8115,30000.0000,3000,10.0000,0.0000,75
688,20750438.8115,20780438.8115,30000.0000,3000,10.0000,0.0000,75
689,20780438.8115,20810438.8115,30000.0000,3000,10.0000,0.0000,75
690,20810438.8115,20840438.8115,30000.0000,3000,10.0000,0.0000,75
691,20840438.8115,20870438.8115,30000.0000,3000,10.0000,0.0000,75
692,20870438.8115,20900438.8115,30000.0000,3000,10.0000,0.0000,75
693,20900438.8115,20930438.8115,30000.0000,3000,10.0000,0.0000,75
694,20930438.8115,20960438.8115,30000.0000,3000,10.0000,0.0000,75
695,20960438.8115,20990438.8115,30000.0000,3000,10.0000,0.0000,75
696,20990438.8115,21020438.8115,30000.0000,3000,10.0000,0.0000,75
697,21020438.8115,21050438.8115,30000.0000,3000,10.0000,0.0000,75
698,21050438.8115,21080438.8115,30000.0000,3000,10.0000,0.0000,75
699,21080438.8115,21110438.8115,30000.0000,3000,10.0000,0.0000,75
700,21110438.8115,21140438.8115,30000.0000,3000,10.0000,0.0000,75
701,21140438.8115,21170438.8115,30000.0000,3000,10.0000,0.0000,75
702,21170438.8115,21200438.8115,30000.0000,3000,10.0000,0.0000,75
703,21200438.8115,21230438.8115,30000.0000,3000,10.0000,0.0000,75
704,21230438.8115,21260438.8115,30000.0000,3000,10.0000,0.0000,75
705,21260438.8115,21290438.8115,30000.0000,3000,10.0000,0.0000,75
706,21290438.8115,21320438.8115,30000.0000,3000,10.0000,0.0000,75
707,21320438.8115,21350438.8115,30000.0000,3000,10.0000,0.0000,75
708,21350438.8115,21380438.8115,30000.0000,3000,10.0000,0.0000,75
709,21380438.8115,21410438.8115,30000.0000,3000,10.0000,0.0000,75
710,21410438.8115,21440438.8115,30000.0000,3000,10.0000,0.0000,75
711,21440438.8115,21470438.8115,30000.0000,3000,10.0000,0.0000,75
712,21470438.8115,21500438.8115,30000.0000,3000,10.0000,0.0000,75
713,21500438.8115,21530438.8115,30000.0000,3000,10.0000,0.0000,75
714,21530438.8115,21560438.8115,30000.0000,3000,10.0000,0.0000,75
715,21560438.8115,21590438.8115,30000.0000,3000,10.0000,0.0000,75
716,21590438.8115,21620438.8115,30000.0000,3000,10.0000,0.0000,75
717,21620438.8115,21650438.8115,30000.0000,3000,10.0000,0.0000,75
718,21650438.8115,21680438.8115,30000.0000,3000,10.0000,0.0000,75
719,21680438.8115,21710438.8115,30000.0000,3000,10.0000,0.0000,75
720,21710438.8115,21740438.8115,30000.0000,3000,10.0000,0.0000,75
721,21740438.8115,21770438.8115,30000.0000,3000,10.0000,0.0000,75
722,21770438.8115,21800438.8115,30000.0000,3000,10.0000,0.0000,75
723,21800438.8115,21830438.8115,30000.0000,3000,10.0000,0.0000,75
724,21830438.8115,21860438.8115,30000.0000,3000,10.0000,0.0000,75
725,21860438.8115,21890438.8115,30000.0000,3000,10.0000,0.0000,75
726,21890438.8115,21920438.8115,30000.0000,3000,10.0000,0.0000,75
727,21920438.8115,21950438.8115,30000.0000,3000,10.0000,0.0000,75
728,21950438.8115,21980438.8115,30000.0000,3000,10.0000,0.0000,75
729,21980438.8115,22010438.8115,30000.0000,3000,10.0000,0.0000,75
730,22010438.8115,22040438.8115,30000.0000,3000,10.0000,0.0000,75
731,22040438.8115,22070438.8115,30000.0000,3000,10.0000,0.0000,75
732,22070438.8115,22100438.8115,30000.0000,3000,10.0000,0.0000,75
733,22100438.8115,22130438.8115,30000.0000,3000,10.0000,0.0000,75
734,22130438.8115,22160438.8115,30000.0000,3000,10.0000,0.0000,75
735,22160438.8115,22190438.8115,30000.0000,3000,10.0000,0.0000,75
736,22190438.8115,22220438.8115,30000.0000,3000,10.0000,0.0000,75
737,22220438.8115,22250438.8115,30000.0000,3000,10.0000,0.0000,75
738,22250438.8115,22280438.8115,30000.0000,3000,10.0000,0.0000,75
739,22280438.8115,22310438.8115,30000.0000,3000,10.0000,0.0000,75
740,22310438.8115,22340438.8115,30000.0000,3000,10.0000,0.0000,75
741,22340438.8115,22370438.8115,30000.0000,3000,10.0000,0.0000,75
742,22370438.8115,22400438.8115,30000.0000,3000,10.0000,0.0000,75
743,22400438.8115,22430438.8115,30000.0000,3000,10.0000,0.0000,75
744,22430438.8115,22460438.8115,30000.0000,3000,10.0000,0.0000,75
745,22460438.8115,22490438.8115,30000.0000,3000,10.0000,0.0000,75
746,22490438.8115,22520438.8115,30000.0000,3000,10.0000,0.0000,75
747,22520438.8115,22550438.8115,30000.0000,3000,10.0000,0.0000,75
748,22550438.8115,22580438.8115,30000.0000,3000,10.0000,0.0000,75
749,22580438.8115,22610438.8115,30000.0000,3000,10.0000,0.0000,75
750,22610438.8115,22640438.8115,30000.0000,3000,10.0000,0.0000,75
751,22640438.8115,22670438.8115,30000.0000,3000,10.0000,0.0000,75
752,22670438.8115,22700438.8115,30000.0000,3000,10.0000,0.0000,75
753,22700438.8115,22730438.8115,30000.0000,3000,10.0000,0.0000,75
754,22730438.8115,22760438.8115,30000.0000,3000,10.0000,0.0000,75
755,22760438.8115,22790438.8115,30000.0000,3000,10.0000,0.0000,75
756,22790438.8115,22820438.8115,30000.0000,3000,10.0000,0.0000,75
757,22820438.8115,22850438.8115,30000.0000,3000,10.0000,0.0000,75
758,22850438.8115,22880438.8115,30000.0000,3000,10.0000,0.0000,75
759,22880438.8115,22910438.8115,30000.0000,3000,10.0000,0.0000,75
760,22910438.8115,22940438.8115,30000.0000,3000,10.0000,0.0000,75
761,22940438.8115,22970438.8115,30000.0000,3000,10.0000,0.0000,75
762,22970438.8115,23000438.8115,30000.0000,3000,10.0000,0.0000,75
763,23000438.8115,23030438.8115,30000.0000,3000,10.0000,0.0000,75
764,23030438.8115,23060438.8115,30000.0000,3000,10.0000,0.0000,75
765,23060438.8115,23090438.8115,30000.0000,3000,10.0000,0.0000,75
766,23090438.8115,23120438.8115,30000.0000,3000,10.0000,0.0000,75
767,23120438.8115,23150438.8115,30000.0000,3000,10.0000,0.0000,75
768,23150438.8115,23180438.8115,30000.0000,3000,10.0000,0.0000,75
769,23180438.8115,23210438.8115,30000.0000,3000,10.0000,0.0000,75
770,23210438.8115,23240438.8115,30000.0000,3000,10.0000,0.0000,75
771,23240438.8115,23270438.8115,30000.0000,3000,10.0000,0.0000,75
772,23270438.8115,23300438.8115,30000.0000,3000,10.0000,0.0000,75
773,23300438.8115,23330438.8115,30000.0000,3000,10.0000,0.0000,75
774,23330438.8115,23360438.8115,30000.0000,3000,10.0000,0.0000,75
775,23360438.8115,23390438.8115,30000.0000,3000,10.0000,0.0000,75
776,23390438.8115,23420438.8115,30000.0000,3000,10.0000,0.0000,75
777,23420438.8115,23450438.8115,30000.0000,3000,10.0000,0.0000,75
778,23450438.8115,23480438.8115,30000.0000,3000,10.0000,0.0000,75
779,23480438.8115,23510438.8115,30000.0000,3000,10.0000,0.0000,75
780,23510438.8115,23540438.8115,30000.0000,3000,10.0000,0.0000,75
781,23540438.8115,23570438.8115,30000.0000,3000,10.0000,0.0000,75
782,23570438.8115,23600438.8115,30000.0000,3000,10.0000,0.0000,75
783,23600438.8115,23630438.8115,30000.0000,3000,10.0000,0.0000,75
784,23630438.8115,23660438.8115,30000.0000,3000,10.0000,0.0000,75
785,23660438.8115,23690438.8115,30000.0000,3000,10.0000,0.0000,75
786,23690438.8115,23720438.8115,30000.0000,3000,10.0000,0.0000,75
787,23720438.8115,23750438.8115,30000.0000,3000,10.0000,0.0000,75
788,23750438.8115,23780438.8115,30000.0000,3000,10.0000,0.0000,75
789,23780438.8115,23810438.8115,30000.0000,3000,10.0000,0.0000,75
790,23810438.8115,23840438.8115,30000.0000,3000,10.0000,0.0000,75
791,23840438.8115,23870438.8115,30000.0000,3000,10.0000,0.0000,75
792,23870438.8115,23900438.8115,30000.0000,3000,10.0000,0.0000,75
793,23900438.8115,23930438.8115,30000.0000,3000,10.0000,0.0000,75
794,23930438.8115,23960438.8115,30000.0000,3000,10.0000,0.0000,75
795,23960438.8115,23990438.8115,30000.0000,3000,10.0000,0.0000,75
796,23990438.8115,24020438.8115,30000.0000,3000,10.0000,0.0000,75
797,24020438.8115,24050438.8115,30000.0000,3000,10.0000,0.0000,75
798,24050438.8115,24080438.8115,30000.0000,3000,10.0000,0.0000,75
799,24080438.8115,24110438.8115,30000.0000,3000,10.0000,0.0000,75
800,24110438.8115,24140438.8115,30000.0000,3000,10.0000,0.0000,75
801,24140438.8115,24170438.8115,30000.0000,3000,10.0000,0.0000,75
802,24170438.8115,24200438.8115,30000.0000,3000,10.0000,0.0000,75
803,24200438.8115,24230438.8115,30000.0000,3000,10.0000,0.0000,75
804,24230438.8115,24260438.8115,30000.0000,3000,10.0000,0.0000,75
805,24260438.8115,24290438.8115,30000.0000,3000,10.0000,0.0000,75
806,24290438.8115,24320438.8115,30000.0000,3000,10.0000,0.0000,75
807,24320438.8115,24350438.8115,30000.0000,3000,10.0000,0.0000,75
808,24350438.8115,24380438.8115,30000.0000,3000,10.0000,0.0000,75
809,24380438.8115,24410438.8115,30000.0000,3000,10.0000,0.0000,75
810,24410438.8115,24440438.8115,30000.0000,3000,10.0000,0.0000,75
811,24440438.8115,24470438.8115,30000.0000,3000,10.0000,0.0000,75
812,24470438.8115,24500438.8115,30000.0000,3000,10.0000,0.0000,75
813,24500438.8115,24530438.8115,30000.0000,3000,10.0000,0.0000,75
814,24530438.8115,24560438.8115,30000.0000,3000,10.0000,0.0000,75
815,24560438.8115,24590438.8115,30000.0000,3000,10.0000,0.0000,75
816,24590438.8115,24620438.8115,30000.0000,3000,10.0000,0.0000,75
817,24620438.8115,24650438.8115,30000.0000,3000,10.0000,0.0000,75
818,24650438.8115,24680438.8115,30000.0000,3000,10.0000,0.0000,75
819,24680438.8115,24710438.8115,30000.0000,3000,10.0000,0.0000,75
820,24710438.8115,24740438.8115,30000.0000,3000,10.0000,0.0000,75
821,24740438.8115,24770438.8115,30000.0000,3000,10.0000,0.0000,75
822,24770438.8115,24800438.8115,30000.0000,3000,10.0000,0.0000,75
823,24800438.8115,24830438.8115,30000.0000,3000,10.0000,0.0000,75
824,24830438.8115,24860438.8115,30000.0000,3000,10.0000,0.0000,75
825,24860438.8115,24890438.8115,30000.0000,3000,10.0000,0.0000,75
826,24890438.8115,24920438.8115,30000.0000,3000,10.0000,0.0000,75
827,24920438.8115,24950438.8115,30000.0000,3000,10.0000,0.0000,75
828,24950438.8115,24980438.8115,30000.0000,3000,10.0000,0.0000,75
829,24980438.8115,25010438.8115,30000.0000,3000,10.0000,0.0000,75
830,25010438.8115,25040438.8115,30000.0000,3000,10.0000,0.0000,75
831,25040438.8115,25070438.8115,30000.0000,3000,10.0000,0.0000,75
832,25070438.8115,25100438.8115,30000.0000,3000,10.0000,0.0000,75
833,25100438.8115,25130438.8115,30000.0000,3000,10.0000,0.0000,75
834,25130438.8115,25160438.8115,30000.0000,3000,10.0000,0.0000,75
835,25160438.8115,25190438.8115,30000.0000,3000,10.0000,0.0000,75
836,25190438.8115,25220438.8115,30000.0000,3000,10.0000,0.0000,75
837,25220438.8115,25250438.8115,30000.0000,3000,10.0000,0.0000,75
838,25250438.8115,25280438.8115,30000.0000,3000,10.0000,0.0000,75
839,25280438.8115,25310438.8115,30000.0000,3000,10.0000,0.0000,75
840,25310438.8115,25340438.8115,30000.0000,3000,10.0000,0.0000,75
841,25340438.8115,25370438.8115,30000.0000,3000,10.0000,0.0000,75
842,25370438.8115,25400438.8115,30000.0000,3000,10.0000,0.0000,75
843,25400438.8115,25430438.8115,30000.0000,3000,10.0000,0.0000,75
844,25430438.8115,25460438.8115,30000.0000,3000,10.0000,0.0000,75
845,25460438.8115,25490438.8115,30000.0000,3000,10.0000,0.0000,75
846,25490438.8115,25520438.8115,30000.0000,3000,10.0000,0.0000,75
847,25520438.8115,25550438.8115,30000.0000,3000,10.0000,0.0000,75
848,25550438.8115,25580438.8115,30000.0000,3000,10.0000,0.0000,75
849,25580438.8115,25610438.8115,30000.0000,3000,10.0000,0.0000,75
850,25610438.8115,25640438.8115,30000.0000,3000,10.0000,0.0000,75
851,25640438.8115,25670438.8115,30000.0000,3000,10.0000,0.0000,75
852,25670438.8115,25700438.8115,30000.0000,3000,10.0000,0.0000,75
853,25700438.8115,25730438.8115,30000.0000,3000,10.0000,0.0000,75
854,25730438.8115,25760438.8115,30000.0000,3000,10.0000,0.0000,75
855,25760438.8115,25790438.8115,30000.0000,3000,10.0000,0.0000,75
856,25790438.8115,25820438.8115,30000.0000,3000,10.0000,0.0000,75
857,25820438.8115,25850438.8115,30000.0000,3000,10.0000,0.0000,75
858,25850438.8115,25880438.8115,30000.0000,3000,10.0000,0.0000,75
859,25880438.8115,25910438.8115,30000.0000,3000,10.0000,0.0000,75
860,25910438.8115,25940438.8115,30000.0000,3000,10.0000,0.0000,75
861,25940438.8115,25970438.8115,30000.0000,3000,10.0000,0.0000,75
862,25970438.8115,26000438.8115,30000.0000,3000,10.0000,0.0000,75
863,26000438.8115,26030438.8115,30000.0000,3000,10.0000,0.0000,75
864,26030438.8115,26060438.8115,30000.0000,3000,10.0000,0.0000,75
865,26060438.8115,26090438.8115,30000.0000,3000,10.0000,0.0000,75
866,26090438.8115,26120438.8115,30000.0000,3000,10.0000,0.0000,75
867,26120438.8115,26150438.8115,30000.0000,3000,10.0000,0.0000,75
868,26150438.8115,26180438.8115,30000.0000,3000,10.0000,0.0000,75
869,26180438.8115,26210438.8115,30000.0000,3000,10.0000,0.0000,75
870,26210438.8115,26240438.8115,30000.0000,3000,10.0000,0.0000,75
871,26240438.8115,26270438.8115,30000.0000,3000,10.0000,0.0000,75
872,26270438.8115,26300438.8115,30000.0000,3000,10.0000,0.0000,75
873,26300438.8115,26330438.8115,30000.0000,3000,10.0000,0.0000,75
874,26330438.8115,26360438.8115,30000.0000,3000,10.0000,0.0000,75
875,26360438.8115,26390438.8115,30000.0000,3000,10.0000,0.0000,75
876,26390438.8115,26420438.8115,30000.0000,3000,10.0000,0.0000,75
877,26420438.8115,26450438.8115,30000.0000,3000,10.0000,0.0000,75
878,26450438.8115,26480438.8115,30000.0000,3000,10.0000,0.0000,75
879,26480438.8115,26510438.8115,30000.0000,3000,10.0000,0.0000,75
880,26510438.8115,26540438.8115,30000.0000,3000,10.0000,0.0000,75
881,26540438.8115,26570438.8115,30000.0000,3000,10.0000,0.0000,75
882,26570438.8115,26600438.8115,30000.0000,3000,10.0000,0.0000,75
883,26600438.8115,26630438.8115,30000.0000,3000,10.0000,0.0000,75
884,26630438.8115,26660438.8115,30000.0000,3000,10.0000,0.0000,75
885,26660438.8115,26690438.8115,30000.0000,3000,10.0000,0.0000,75
886,26690438.8115,26720438.8115,30000.0000,3000,10.0000,0.0000,75
887,26720438.8115,26750438.8115,30000.0000,3000,10.0000,0.0000,75
888,26750438.8115,26780438.8115,30000.0000,3000,10.0000,0.0000,75
889,26780438.8115,26810438.8115,30000.0000,3000,10.0000,0.0000,75
890,26810438.8115,26840438.8115,30000.0000,3000,10.0000,0.0000,75
891,26840438.8115,26870438.8115,30000.0000,3000,10.0000,0.0000,75
892,26870438.8115,26900438.8115,30000.0000,3000,10.0000,0.0000,75
893,26900438.8115,26930438.8115,30000.0000,3000,10.0000,0.0000,75
894,26930438.8115,26960438.8115,30000.0000,3000,10.0000,0.0000,75
895,26960438.8115,26990438.8115,30000.0000,3000,10.0000,0.0000,75
896,26990438.8115,27020438.8115,30000.0000,3000,10.0000,0.0000,75
897,27020438.8115,27050438.8115,30000.0000,3000,10.0000,0.0000,75
898,27050438.8115,27080438.8115,30000.0000,3000,10.0000,0.0000,75
899,27080438.8115,27110438.8115,30000.0000,3000,10.0000,0.0000,75
900,27110438.8115,27140438.8115,30000.0000,3000,10.0000,0.0000,75
901,27140438.8115,27170438.8115,30000.0000,3000,10.0000,0.0000,75
902,27170438.8115,27200438.8115,30000.0000,3000,10.0000,0.0000,75
903,27200438.8115,27230438.8115,30000.0000,3000,10.0000,0.0000,75
904,27230438.8115,27260438.8115,30000.0000,3000,10.0000,0.0000,75
905,27260438.8115,27290438.8115,30000.0000,3000,10.0000,0.0000,75
906,27290438.8115,27320438.8115,30000.0000,3000,10.0000,0.0000,75
907,27320438.8115,27350438.8115,30000.0000,3000,10.0000,0.0000,75
908,27350438.8115,27380438.8115,30000.0000,3000,10.0000,0.0000,75
909,27380438.8115,27410438.8115,30000.0000,3000,10.0000,0.0000,75
910,27410438.8115,27440438.8115,30000.0000,3000,10.0000,0.0000,75
911,27440438.8115,27470438.8115,30000.0000,3000,10.0000,0.0000,75
912,27470438.8115,27500438.8115,30000.0000,3000,10.0000,0.0000,75
913,27500438.8115,27530438.8115,30000.0000,3000,10.0000,0.0000,75
914,27530438.8115,27560438.8115,30000.0000,3000,10.0000,0.0000,75
915,27560438.8115,27590438.8115,30000.0000,3000,10.0000,0.0000,75
916,27590438.8115,27620438.8115,30000.0000,3000,10.0000,0.0000,75
917,27620438.8115,27650438.8115,30000.0000,3000,10.0000,0.0000,75
918,27650438.8115,27680438.8115,30000.0000,3000,10.0000,0.0000,75
919,27680438.8115,27710438.8115,30000.0000,3000,10.0000,0.0000,75
920,27710438.8115,27740438.8115,30000.0000,3000,10.0000,0.0000,75
921,27740438.8115,27770438.8115,30000.0000,3000,10.0000,0.0000,75
922,27770438.8115,27800438.8115,30000.0000,3000,10.0000,0.0000,75
923,27800438.8115,27830438.8115,30000.0000,3000,10.0000,0.0000,75
924,27830438.8115,27860438.8115,30000.0000,3000,10.0000,0.0000,75
925,27860438.8115,27890438.8115,30000.0000,3000,10.0000,0.0000,75
926,27890438.8115,27920438.8115,30000.0000,3000,10.0000,0.0000,75
927,27920438.8115,27950438.8115,30000.0000,3000,10.0000,0.0000,75
928,27950438.8115,27980438.8115,30000.0000,3000,10.0000,0.0000,75
929,27980438.8115,28010438.8115,30000.0000,3000,10.0000,0.0000,75
930,28010438.8115,28040438.8115,30000.0000,3000,10.0000,0.0000,75
931,28040438.8115,28070438.8115,30000.0000,3000,10.0000,0.0000,75
932,28070438.8115,28100438.8115,30000.0000,3000,10.0000,0.0000,75
933,28100438.8115,28130438.8115,30000.0000,3000,10.0000,0.0000,75
934,28130438.8115,28160438.8115,30000.0000,3000,10.0000,0.0000,75
935,28160438.8115,28190438.8115,30000.0000,3000,10.0000,0.0000,75
936,28190438.8115,28220438.8115,30000.0000,3000,10.0000,0.0000,75
937,28220438.8115,28250438.8115,30000.0000,3000,10.0000,0.0000,75
938,28250438.8115,28280438.8115,30000.0000,3000,10.0000,0.0000,75
939,28280438.8115,28310438.8115,30000.0000,3000,10.0000,0.0000,75
940,28310438.8115,28340438.8115,30000.0000,3000,10.0000,0.0000,75
941,28340438.8115,28370438.8115,30000.0000,3000,10.0000,0.0000,75
942,28370438.8115,28400438.8115,30000.0000,3000,10.0000,0.0000,75
943,28400438.8115,28430438.8115,30000.0000,3000,10.0000,0.0000,75
944,28430438.8115,28460438.8115,30000.0000,3000,10.0000,0.0000,75
945,28460438.8115,28490438.8115,30000.0000,3000,10.0000,0.0000,75
946,28490438.8115,28520438.8115,30000.0000,3000,10.0000,0.0000,75
947,28520438.8115,28550438.8115,30000.0000,3000,10.0000,0.0000,75
948,28550438.8115,28580438.8115,30000.0000,3000,10.0000,0.0000,75
949,28580438.8115,28610438.8115,30000.0000,3000,10.0000,0.0000,75
950,28610438.8115,28640438.8115,30000.0000,3000,10.0000,0.0000,75
951,28640438.8115,28670438.8115,30000.0000,3000,10.0000,0.0000,75
952,28670438.8115,28700438.8115,30000.0000,3000,10.0000,0.0000,75
953,28700438.8115,28730438.8115,30000.0000,3000,10.0000,0.0000,75
954,28730438.8115,28760438.8115,30000.0000,3000,10.0000,0.0000,75
955,28760438.8115,28790438.8115,30000.0000,3000,10.0000,0.0000,75
956,28790438.8115,28820438.8115,30000.0000,3000,10.0000,0.0000,75
957,28820438.8115,28850438.8115,30000.0000,3000,10.0000,0.0000,75
958,28850438.8115,28880438.8115,30000.0000,3000,10.0000,0.0000,75
959,28880438.8115,28910438.8115,30000.0000,3000,10.0000,0.0000,75
960,28910438.8115,28940438.8115,30000.0000,3000,10.0000,0.0000,75
961,28940438.8115,28970438.8115,30000.0000,3000,10.0000,0.0000,75
962,28970438.8115,29000438.8115,30000.0000,3000,10.0000,0.0000,75
963,29000438.8115,29030438.8115,30000.0000,3000,10.0000,0.0000,75
964,29030438.8115,29060438.8115,30000.0000,3000,10.0000,0.0000,75
965,29060438.8115,29090438.8115,30000.0000,3000,10.0000,0.0000,75
966,29090438.8115,29120438.8115,30000.0000,3000,10.0000,0.0000,75
967,29120438.8115,29150438.8115,30000.0000,3000,10.0000,0.0000,75
968,29150438.8115,29180438.8115,30000.0000,3000,10.0000,0.0000,75
969,29180438.8115,29210438.8115,30000.0000,3000,10.0000,0.0000,75
970,29210438.8115,29240438.8115,30000.0000,3000,10.0000,0.0000,75
971,29240438.8115,29270438.8115,30000.0000,3000,10.0000,0.0000,75
972,29270438.8115,29300438.8115,30000.0000,3000,10.0000,0.0000,75
973,29300438.8115,29330438.8115,30000.0000,3000,10.0000,0.0000,75
974,29330438.8115,29360438.8115,30000.0000,3000,10.0000,0.0000,75
975,29360438.8115,29390438.8115,30000.0000,3000,10.0000,0.0000,75
976,29390438.8115,29420438.8115,30000.0000,3000,10.0000,0.0000,75
977,29420438.8115,29450438.8115,30000.0000,3000,10.0000,0.0000,75
978,29450438.8115,29480438.8115,30000.0000,3000,10.0000,0.0000,75
979,29480438.8115,29510438.8115,30000.0000,3000,10.0000,0.0000,75
980,29510438.8115,29540438.8115,30000.0000,3000,10.0000,0.0000,75
981,29540438.8115,29570438.8115,30000.0000,3000,10.0000,0.0000,75
982,29570438.8115,29600438.8115,30000.0000,3000,10.0000,0.0000,75
983,29600438.8115,29630438.8115,30000.0000,3000,10.0000,0.0000,75
984,29630438.8115,29660438.8115,30000.0000,3000,10.0000,0.0000,75
985,29660438.8115,29690438.8115,30000.0000,3000,10.0000,0.0000,75
986,29690438.8115,29720438.8115,30000.0000,3000,10.0000,0.0000,75
987,29720438.8115,29750438.8115,30000.0000,3000,10.0000,0.0000,75
988,29750438.8115,29780438.8115,30000.0000,3000,10.0000,0.0000,75
989,29780438.8115,29810438.8115,30000.0000,3000,10.0000,0.0000,75
990,29810438.8115,29840438.8115,30000.0000,3000,10.0000,0.0000,75
991,29840438.8115,29870438.8115,30000.0000,3000,10.0000,0.0000,75
992,29870438.8115,29900438.8115,30000.0000,3000,10.0000,0.0000,75
993,29900438.8115,29930438.8115,30000.0000,3000,10.0000,0.0000,75
994,29930438.8115,29960438.8115,30000.0000,3000,10.0000,0.0000,75
995,29960438.8115,29990438.8115,30000.0000,3000,10.0000,0.0000,75
996,29990438.8115,30020438.8115,30000.0000,3000,10.0000,0.0000,75
997,30020438.8115,30050438.8115,30000.0000,3000,10.0000,0.0000,75
998,30050438.8115,30080438.8115,30000.0000,3000,10.0000,0.0000,75
999,30080438.8115,30110438.8115,30000.0000,3000,10.0000,0.0000,75
1000,30110438.8115,30140438.8115,30000.0000,3000,10.0000,0.0000,75
